Region,City,pov2015
1ST DISTRICT,TONDO,5.6
1ST DISTRICT,BINONDO,3.47
1ST DISTRICT,QUIAPO,7.1
1ST DISTRICT,SAN NICOLAS,6.68
1ST DISTRICT,SANTA CRUZ,4.72
1ST DISTRICT,SAMPALOC,2.73
1ST DISTRICT,SAN MIGUEL,7.16
1ST DISTRICT,ERMITA,5.26
1ST DISTRICT,INTRAMUROS,10.2
1ST DISTRICT,MALATE,4.17
1ST DISTRICT,PACO,3.18
1ST DISTRICT,PANDACAN,3.61
1ST DISTRICT,PORT AREA,12.22
1ST DISTRICT,SANTA ANA,3.82
2ND DISTRICT,MANDALUYONG  CITY,2.41
2ND DISTRICT,MARIKINA  CITY,2.56
2ND DISTRICT,PASIG CITY,2.54
2ND DISTRICT,QUEZON CITY,3.31
2ND DISTRICT,SAN JUAN CITY,2.35
3RD DISTRICT,CALOOCAN CITY,4.44
3RD DISTRICT,MALABON CITY,4.52
3RD DISTRICT,NAVOTAS CITY,5.5
3RD DISTRICT,VALENZUELA  CITY,3.56
4TH DISTRICT,LAS PIÑAS  CITY,2.92
4TH DISTRICT,MAKATI  CITY,1.86
4TH DISTRICT,MUNTINLUPA  CITY,2.87
4TH DISTRICT,PARAÑAQUE  CITY,2.66
4TH DISTRICT,PASAY CITY,3.04
4TH DISTRICT,PATEROS,2.54
4TH DISTRICT,TAGUIG CITY,3.12
ABRA,BANGUED,10.27
ABRA,BOLINEY,18.84
ABRA,BUCAY,15.83
ABRA,BUCLOC,21.02
ABRA,DAGUIOMAN,30.34
ABRA,DANGLAS,21.44
ABRA,DOLORES,16.34
ABRA,LA PAZ,19.31
ABRA,LACUB,27.13
ABRA,LAGANGILANG,22.36
ABRA,LAGAYAN,27.22
ABRA,LANGIDEN,17.37
ABRA,LICUAN-BAAY (LICUAN),27.68
ABRA,LUBA,18.4
ABRA,MALIBCONG,44.45
ABRA,MANABO,15.69
ABRA,PEÑARRUBIA,18.32
ABRA,PIDIGAN,14.84
ABRA,PILAR,18.33
ABRA,SALLAPADAN,15.27
ABRA,SAN ISIDRO,17.24
ABRA,SAN JUAN,16.78
ABRA,SAN QUINTIN,11.57
ABRA,TAYUM,15.48
ABRA,TINEG,35.8
ABRA,TUBO,30.48
ABRA,VILLAVICIOSA,14.26
BENGUET,ATOK,11.48
BENGUET,BAGUIO CITY,2.51
BENGUET,BAKUN,10.01
BENGUET,BOKOD,9.2
BENGUET,BUGUIAS,5.83
BENGUET,ITOGON,6.32
BENGUET,KABAYAN,10.37
BENGUET,KAPANGAN,13.52
BENGUET,KIBUNGAN,18.48
BENGUET,LA TRINIDAD,2.06
BENGUET,MANKAYAN,9.34
BENGUET,SABLAN,6.75
BENGUET,TUBA,6.81
BENGUET,TUBLAY,9.65
IFUGAO,BANAUE,37.68
IFUGAO,HUNGDUAN,27.02
IFUGAO,KIANGAN,24.2
IFUGAO,LAGAWE,19.68
IFUGAO,LAMUT,21.17
IFUGAO,MAYOYAO,29.58
IFUGAO,ALFONSO LISTA (POTIA),20.84
IFUGAO,AGUINALDO,31.36
IFUGAO,HINGYON,32.35
IFUGAO,TINOC,34.49
IFUGAO,ASIPULO,44.85
KALINGA,BALBALAN,26.38
KALINGA,LUBUAGAN,26.6
KALINGA,PASIL,27.68
KALINGA,PINUKPUK,30.36
KALINGA,RIZAL (LIWAN),15.32
KALINGA,TABUK CITY,17.7
KALINGA,TANUDAN,38.55
KALINGA,TINGLAYAN,30.53
MOUNTAIN PROVINCE,BARLIG,18.03
MOUNTAIN PROVINCE,BAUKO,24.53
MOUNTAIN PROVINCE,BESAO,23.17
MOUNTAIN PROVINCE,BONTOC,15.43
MOUNTAIN PROVINCE,NATONIN,35.67
MOUNTAIN PROVINCE,PARACELIS,30.55
MOUNTAIN PROVINCE,SABANGAN,19.07
MOUNTAIN PROVINCE,SADANGA,37.43
MOUNTAIN PROVINCE,SAGADA,25.38
MOUNTAIN PROVINCE,TADIAN,31.61
APAYAO,CALANASAN (BAYAG),27.08
APAYAO,CONNER,21.6
APAYAO,FLORA,17.78
APAYAO,KABUGAO,24.88
APAYAO,LUNA,17.38
APAYAO,PUDTOL,26.41
APAYAO,SANTA MARCELA,16.42
ILOCOS NORTE,ADAMS,16.46
ILOCOS NORTE,BACARRA,7.48
ILOCOS NORTE,BADOC,10.7
ILOCOS NORTE,BANGUI,8.52
ILOCOS NORTE,BATAC CITY,7.75
ILOCOS NORTE,BURGOS,8.35
ILOCOS NORTE,CARASI,20.34
ILOCOS NORTE,CURRIMAO,9.31
ILOCOS NORTE,DINGRAS,11.69
ILOCOS NORTE,DUMALNEG,12.1
ILOCOS NORTE,BANNA,12.79
ILOCOS NORTE,LAOAG CITY,6.61
ILOCOS NORTE,MARCOS,9.77
ILOCOS NORTE,NUEVA ERA,14.56
ILOCOS NORTE,PAGUDPUD,9.48
ILOCOS NORTE,PAOAY,8.44
ILOCOS NORTE,PASUQUIN,10.62
ILOCOS NORTE,PIDDIG,11.37
ILOCOS NORTE,PINILI,12.42
ILOCOS NORTE,SAN NICOLAS,7.66
ILOCOS NORTE,SARRAT,8.47
ILOCOS NORTE,SOLSONA,10.47
ILOCOS NORTE,VINTAR,8.5
ILOCOS SUR,ALILEM,18.53
ILOCOS SUR,BANAYOYO,12
ILOCOS SUR,BANTAY,11.22
ILOCOS SUR,BURGOS,13.08
ILOCOS SUR,CABUGAO,15.01
ILOCOS SUR,CANDON CITY,10.37
ILOCOS SUR,CAOAYAN,10.67
ILOCOS SUR,CERVANTES,19.6
ILOCOS SUR,GALIMUYOD,13.01
ILOCOS SUR,GREGORIO DEL PILAR,19.27
ILOCOS SUR,LIDLIDDA,11.08
ILOCOS SUR,MAGSINGAL,10.87
ILOCOS SUR,NAGBUKEL,16.86
ILOCOS SUR,NARVACAN,13.24
ILOCOS SUR,QUIRINO,20.35
ILOCOS SUR,SALCEDO,15.1
ILOCOS SUR,SAN EMILIO,18.83
ILOCOS SUR,SAN ESTEBAN,10.87
ILOCOS SUR,SAN ILDEFONSO,10.16
ILOCOS SUR,SAN JUAN,11.68
ILOCOS SUR,SAN VICENTE,9.55
ILOCOS SUR,SANTA,11.15
ILOCOS SUR,SANTA CATALINA,13.31
ILOCOS SUR,SANTA CRUZ,14.74
ILOCOS SUR,SANTA LUCIA,14.42
ILOCOS SUR,SANTA MARIA,11.33
ILOCOS SUR,SANTIAGO,13.02
ILOCOS SUR,SANTO DOMINGO,11.29
ILOCOS SUR,SIGAY,21.42
ILOCOS SUR,SINAIT,12.24
ILOCOS SUR,SUGPON,26.55
ILOCOS SUR,SUYO,14.59
ILOCOS SUR,TAGUDIN,13.51
ILOCOS SUR,VIGAN CITY,8.73
LA UNION,AGOO,6.67
LA UNION,ARINGAY,8.59
LA UNION,BACNOTAN,5.26
LA UNION,BAGULIN,12.96
LA UNION,BALAOAN,6.51
LA UNION,BANGAR,7.96
LA UNION,BAUANG,5.71
LA UNION,BURGOS,10.11
LA UNION,CABA,7.3
LA UNION,LUNA,5.95
LA UNION,NAGUILIAN,5.94
LA UNION,PUGO,5.83
LA UNION,ROSARIO,6.44
LA UNION,SAN FERNANDO CITY,3.82
LA UNION,SAN GABRIEL,15.08
LA UNION,SAN JUAN,5.51
LA UNION,SANTO TOMAS,7.52
LA UNION,SANTOL,12.57
LA UNION,SUDIPEN,9.66
LA UNION,TUBAO,8.56
PANGASINAN,AGNO,16.61
PANGASINAN,AGUILAR,16.57
PANGASINAN,ALAMINOS CITY,12.39
PANGASINAN,ALCALA,12.35
PANGASINAN,ANDA,11.52
PANGASINAN,ASINGAN,9.4
PANGASINAN,BALUNGAO,10.95
PANGASINAN,BANI,11.75
PANGASINAN,BASISTA,17.62
PANGASINAN,BAUTISTA,14.07
PANGASINAN,BAYAMBANG,13.88
PANGASINAN,BINALONAN,8.82
PANGASINAN,BINMALEY,9.21
PANGASINAN,BOLINAO,16.87
PANGASINAN,BUGALLON,14.68
PANGASINAN,BURGOS,13.67
PANGASINAN,CALASIAO,8.7
PANGASINAN,DAGUPAN CITY,9.21
PANGASINAN,DASOL,12.84
PANGASINAN,INFANTA,14.18
PANGASINAN,LABRADOR,10.98
PANGASINAN,LINGAYEN,10.61
PANGASINAN,MABINI,14.92
PANGASINAN,MALASIQUI,12.27
PANGASINAN,MANAOAG,11.62
PANGASINAN,MANGALDAN,11.48
PANGASINAN,MANGATAREM,14.66
PANGASINAN,MAPANDAN,11.38
PANGASINAN,NATIVIDAD,11.72
PANGASINAN,POZORRUBIO,10.16
PANGASINAN,ROSALES,13.3
PANGASINAN,SAN CARLOS CITY,12.27
PANGASINAN,SAN FABIAN,10.07
PANGASINAN,SAN JACINTO,11.47
PANGASINAN,SAN MANUEL,12.44
PANGASINAN,SAN NICOLAS,13.05
PANGASINAN,SAN QUINTIN,12.64
PANGASINAN,SANTA BARBARA,11.7
PANGASINAN,SANTA MARIA,11.77
PANGASINAN,SANTO TOMAS,12.21
PANGASINAN,SISON,10.03
PANGASINAN,SUAL,13.53
PANGASINAN,TAYUG,11.31
PANGASINAN,UMINGAN,12.53
PANGASINAN,URBIZTONDO,18.89
PANGASINAN,URDANETA CITY,9.8
PANGASINAN,VILLASIS,10.17
PANGASINAN,LAOAC,10.71
BATANES,BASCO,14.4
BATANES,ITBAYAT,26.38
BATANES,IVANA,18.27
BATANES,MAHATAO,17.96
BATANES,SABTANG,24.22
BATANES,UYUGAN,19.48
CAGAYAN,ABULUG,14.38
CAGAYAN,ALCALA,13.58
CAGAYAN,ALLACAPAN,12.3
CAGAYAN,AMULUNG,17.5
CAGAYAN,APARRI,15.44
CAGAYAN,BAGGAO,13.42
CAGAYAN,BALLESTEROS,12.46
CAGAYAN,BUGUEY,15.81
CAGAYAN,CALAYAN,22.72
CAGAYAN,CAMALANIUGAN,11.92
CAGAYAN,CLAVERIA,9.42
CAGAYAN,ENRILE,12.6
CAGAYAN,GATTARAN,14.83
CAGAYAN,GONZAGA,13.1
CAGAYAN,IGUIG,12.54
CAGAYAN,LAL-LO,11.09
CAGAYAN,LASAM,12.16
CAGAYAN,PAMPLONA,14.97
CAGAYAN,PEÑABLANCA,12.62
CAGAYAN,PIAT,14.36
CAGAYAN,RIZAL,22.64
CAGAYAN,SANCHEZ-MIRA,9.89
CAGAYAN,SANTA ANA,12.54
CAGAYAN,SANTA PRAXEDES,9.79
CAGAYAN,SANTA TERESITA,12.56
CAGAYAN,SANTO NIÑO,19.74
CAGAYAN,SOLANA,11.91
CAGAYAN,TUAO,15.47
CAGAYAN,TUGUEGARAO CITY,5.99
ISABELA,ALICIA,12.39
ISABELA,ANGADANAN,18.25
ISABELA,AURORA,10.75
ISABELA,BENITO SOLIVEN,21.72
ISABELA,BURGOS,13.95
ISABELA,CABAGAN,17.17
ISABELA,CABATUAN,11.58
ISABELA,CAUAYAN CITY,12.75
ISABELA,CORDON,13.71
ISABELA,DINAPIGUE,14.73
ISABELA,DIVILICAN,26.15
ISABELA,ECHAGUE,15.77
ISABELA,GAMU,13.29
ISABELA,ILAGAN CITY,13.27
ISABELA,JONES,14.71
ISABELA,LUNA,8.74
ISABELA,MACONACON,20.86
ISABELA,DELFIN ALBANO,13.61
ISABELA,MALLIG,13.29
ISABELA,NAGUILIAN,15.24
ISABELA,PALANAN,27.2
ISABELA,QUEZON,18.03
ISABELA,QUIRINO,10.81
ISABELA,RAMON,13.39
ISABELA,REINA MERCEDES,12.09
ISABELA,ROXAS,13.54
ISABELA,SAN AGUSTIN,13.62
ISABELA,SAN GUILLERMO,23.53
ISABELA,SAN ISIDRO,11.71
ISABELA,SAN MANUEL,13.48
ISABELA,SAN MARIANO,25.34
ISABELA,SAN MATEO,9.94
ISABELA,SAN PABLO,20.73
ISABELA,SANTA MARIA,24.84
ISABELA,SANTIAGO CITY,12.8
ISABELA,SANTO TOMAS,21.17
ISABELA,TUMAUINI,18.05
NUEVA VIZCAYA,AMBAGUIO,23.9
NUEVA VIZCAYA,ARITAO,16.51
NUEVA VIZCAYA,BAGABAG,8.71
NUEVA VIZCAYA,BAMBANG,8.41
NUEVA VIZCAYA,BAYOMBONG,6.28
NUEVA VIZCAYA,DIADI,15
NUEVA VIZCAYA,DUPAX DEL NORTE,12.82
NUEVA VIZCAYA,DUPAX DEL SUR,14.44
NUEVA VIZCAYA,KASIBU,17.77
NUEVA VIZCAYA,KAYAPA,21.05
NUEVA VIZCAYA,QUEZON,13.25
NUEVA VIZCAYA,SANTA FE,15.14
NUEVA VIZCAYA,SOLANO,6.57
NUEVA VIZCAYA,VILLAVERDE,9.75
NUEVA VIZCAYA,ALFONSO CASTANEDA,19.72
QUIRINO,AGLIPAY,14.07
QUIRINO,COBARRONGUIS,10.81
QUIRINO,DIFFUN,13.36
QUIRINO,MADDELA,10.99
QUIRINO,SAGUDAY,10.08
QUIRINO,NAGTIPUNAN,19.59
BATAAN,ABUCAY,14.52
BATAAN,BAGAC,11.17
BATAAN,BALANGA CITY,9.46
BATAAN,DINALUPIHAN,13.83
BATAAN,HERMOSA,14.1
BATAAN,LIMAY,10.78
BATAAN,MARIVELES,10.46
BATAAN,MORONG,15.01
BATAAN,ORANI,10.55
BATAAN,ORION,14.45
BATAAN,PILAR,12.56
BATAAN,SAMAL,13.14
BULACAN,ANGAT,7.56
BULACAN,BALAGTAS,6.94
BULACAN,BALIUAG,5.37
BULACAN,BOCAUE,7.69
BULACAN,BULACAN,6.17
BULACAN,BUSTOS,5.8
BULACAN,CALUMPIT,6.27
BULACAN,GUIGUINTO,5.66
BULACAN,HAGONOY,6.14
BULACAN,MALOLOS CITY,4.6
BULACAN,MARILAO,5.11
BULACAN,MEYCAUAYAN CITY,5.84
BULACAN,NORZAGARAY,8.55
BULACAN,OBANDO,5.23
BULACAN,PANDI,8.75
BULACAN,PAOMBONG,8.3
BULACAN,PLARIDEL,6.02
BULACAN,PULILAN,7.43
BULACAN,SAN IDELFONSO,9.15
BULACAN,SAN JOSE DEL MONTE CITY,6.97
BULACAN,SAN MIGUEL,10.51
BULACAN,SAN RAFAEL,7.01
BULACAN,SANTA MARIA,6.24
BULACAN,DOÑA REMEDIOS TRINIDAD,18.85
NUEVA ECIJA,ALIAGA,16.41
NUEVA ECIJA,BONGABON,14.8
NUEVA ECIJA,CABANATUAN CITY,12.36
NUEVA ECIJA,CABIAO,14.83
NUEVA ECIJA,CARRANGLAN,17.46
NUEVA ECIJA,CUYAPO,21.35
NUEVA ECIJA,GABALDON,17.83
NUEVA ECIJA,GAPAN CITY,14.55
NUEVA ECIJA,GENERAL MAMERTO NATIVIDAD,16.72
NUEVA ECIJA,GENERAL TINIO,14.92
NUEVA ECIJA,GUIMBA,18.92
NUEVA ECIJA,JAEN,17.01
NUEVA ECIJA,LAUR,20.99
NUEVA ECIJA,LICAB,18.62
NUEVA ECIJA,LLANERA,12.96
NUEVA ECIJA,LUPAO,20.36
NUEVA ECIJA,MUÑOZ CITY,14.11
NUEVA ECIJA,NAMPICUAN,19.09
NUEVA ECIJA,PALAYAN CITY,14.49
NUEVA ECIJA,PANTABANGAN,24.92
NUEVA ECIJA,PEÑARANDA,13.66
NUEVA ECIJA,QUEZON,17.96
NUEVA ECIJA,RIZAL,15.21
NUEVA ECIJA,SAN ANTONIO,14.78
NUEVA ECIJA,SAN ISIDRO,10.22
NUEVA ECIJA,SAN JOSE CITY,13.18
NUEVA ECIJA,SAN LEONARDO,15.84
NUEVA ECIJA,SANTA ROSA,13.25
NUEVA ECIJA,SANTO DOMINGO,14.32
NUEVA ECIJA,TALAVERA,13.02
NUEVA ECIJA,TALUGTUG,23.86
NUEVA ECIJA,ZARAGOZA,13.2
PAMPANGA,ANGELES CITY,6.7
PAMPANGA,APALIT,7.05
PAMPANGA,ARAYAT,9.45
PAMPANGA,BACOLOR,9.39
PAMPANGA,CANDABA,12.48
PAMPANGA,FLORIDABLANCA,13.13
PAMPANGA,GUAGUA,7.73
PAMPANGA,LUBAO,8.89
PAMPANGA,MABALACAT CITY,7.99
PAMPANGA,MACABEBE,11.26
PAMPANGA,MAGALANG,9.72
PAMPANGA,MASANTOL,19.96
PAMPANGA,MEXICO,8.77
PAMPANGA,MINALIN,8.83
PAMPANGA,PORAC,11.1
PAMPANGA,SAN FERNANDO CITY,6.45
PAMPANGA,SAN LUIS,9.61
PAMPANGA,SAN SIMON,12.19
PAMPANGA,SANTA ANA,8.78
PAMPANGA,SANTA RITA,7.03
PAMPANGA,SANTO TOMAS,5.32
PAMPANGA,SASMUAN,15.88
TARLAC,ANAO,10.45
TARLAC,BAMBAN,12.56
TARLAC,CAMILING,14.56
TARLAC,CAPAS,13.27
TARLAC,CONCEPCION,14
TARLAC,GERONA,12.82
TARLAC,LA PAZ,16.61
TARLAC,MAYANTOC,18.25
TARLAC,MONCADA,17.65
TARLAC,PANIQUI,12.2
TARLAC,PURA,15.92
TARLAC,RAMOS,14.96
TARLAC,SAN CLEMENTE,14.24
TARLAC,SAN MANUEL,16.7
TARLAC,SANTA IGNACIA,15.03
TARLAC,TARLAC CITY,10.76
TARLAC,VICTORIA,18.89
TARLAC,SAN JOSE,18.34
ZAMBALES,BOTOLAN,22.65
ZAMBALES,CABANGAN,24.77
ZAMBALES,CANDELARIA,20.54
ZAMBALES,CASTILLEJOS,18.15
ZAMBALES,IBA,16.77
ZAMBALES,MASINLOC,20.92
ZAMBALES,OLONGAPO CITY,11.62
ZAMBALES,PALAUIG,22.91
ZAMBALES,SAN ANTONIO,15.92
ZAMBALES,SAN FELIPE,16.66
ZAMBALES,SAN MARCELINO,15.24
ZAMBALES,SAN NARCISO,13.47
ZAMBALES,SANTA CRUZ,23.68
ZAMBALES,SUBIC,18.89
AURORA,BALER,9.13
AURORA,CASIGURAN,12.65
AURORA,DILASAG,12.39
AURORA,DINALUNGAN,9.08
AURORA,DINGALAN,14.57
AURORA,DIPACULAO,12.27
AURORA,MARIA AURORA,10.68
AURORA,SAN LUIS,11.79
BATANGAS,AGONCILLO,11.78
BATANGAS,ALITAGTAG,5.97
BATANGAS,BALAYAN,6.46
BATANGAS,BALETE,7.72
BATANGAS,BATANGAS CITY,4.63
BATANGAS,BAUAN,3.26
BATANGAS,CALACA,17.36
BATANGAS,CALATAGAN,22.39
BATANGAS,CUENCA,5.59
BATANGAS,IBAAN,7.2
BATANGAS,LAUREL,25.67
BATANGAS,LEMERY,11.12
BATANGAS,LIAN,13.27
BATANGAS,LIPA CITY,4.2
BATANGAS,LOBO,21.46
BATANGAS,MABINI,7.28
BATANGAS,MALVAR,4.29
BATANGAS,MATAAS NA KAHOY,3.55
BATANGAS,NASUGBU,12.74
BATANGAS,PADRE GARCIA,7.17
BATANGAS,ROSARIO,11.55
BATANGAS,SAN JOSE,4.22
BATANGAS,SAN JUAN,15.38
BATANGAS,SAN LUIS,5.93
BATANGAS,SAN NICOLAS,12.12
BATANGAS,SAN PASCUAL,2.76
BATANGAS,SANTA TERESITA,6.45
BATANGAS,SANTO TOMAS,4.03
BATANGAS,TAAL,5.45
BATANGAS,TALISAY,8.8
BATANGAS,TANAUAN CITY,4.55
BATANGAS,TAYSAN,13
BATANGAS,TINGLOY,26.22
BATANGAS,TUY,12.44
CAVITE,ALFONSO,4.77
CAVITE,AMADEO,3.2
CAVITE,BACOOR CITY,4.92
CAVITE,CARMONA,3.76
CAVITE,CAVITE CITY,6.94
CAVITE,DASMARIÑAS CITY,5.84
CAVITE,GENERAL EMILIO AGUINALDO,9.62
CAVITE,GENERAL TRIAS CITY,3.91
CAVITE,IMUS CITY,4.92
CAVITE,INDANG,5.52
CAVITE,KAWIT,9.51
CAVITE,MAGALLANES,17.17
CAVITE,MARAGONDON,13.8
CAVITE,MENDEZ (MENDEZ-NUÑEZ),5.22
CAVITE,NAIC,12.33
CAVITE,NOVELETA,8.57
CAVITE,ROSARIO,5.61
CAVITE,SILANG,6.85
CAVITE,TAGAYTAY CITY,5.91
CAVITE,TANZA,9
CAVITE,TERNATE,15.15
CAVITE,TRECE MARTIRES CITY,5.33
CAVITE,GEN. MARIANO ALVAREZ,8.03
LAGUNA,ALAMINOS,2.67
LAGUNA,BAY,2.73
LAGUNA,BIÑAN CITY,5.19
LAGUNA,CABUYAO CITY,8.51
LAGUNA,CALAMBA CITY,2.99
LAGUNA,CALAUAN,9.68
LAGUNA,CAVINTI,8.48
LAGUNA,FAMY,10.18
LAGUNA,KALAYAAN,11.86
LAGUNA,LILIW,3.92
LAGUNA,LOS BAÑOS,2.14
LAGUNA,LUISIANA,8.57
LAGUNA,LUMBAN,7.85
LAGUNA,MABITAC,16.91
LAGUNA,MAGDALENA,16.38
LAGUNA,MAJAYJAY,8.4
LAGUNA,NAGCARLAN,5.6
LAGUNA,PAETE,5.41
LAGUNA,PAGSANJAN,4.91
LAGUNA,PAKIL,11.91
LAGUNA,PANGIL,8.61
LAGUNA,PILA,6.69
LAGUNA,RIZAL,3.03
LAGUNA,SAN PABLO CITY,4.24
LAGUNA,SAN PEDRO CITY,2.69
LAGUNA,SANTA CRUZ,4.57
LAGUNA,SANTA MARIA,16.56
LAGUNA,SANTA ROSA CITY,2.37
LAGUNA,SINILOAN,8.58
LAGUNA,VICTORIA,4.4
QUEZON,AGDANGAN,15.21
QUEZON,ALABAT,7.63
QUEZON,ATIMONAN,27.53
QUEZON,BUENAVISTA,38.54
QUEZON,BURDEOS,40.88
QUEZON,CALAUAG,24.45
QUEZON,CANDELARIA,6.24
QUEZON,CATANAUAN,26.17
QUEZON,DOLORES,9.5
QUEZON,GENERAL LUNA,27.51
QUEZON,GENERAL NAKAR,31.53
QUEZON,GUINAYANGAN,22.45
QUEZON,GUMACA,13.1
QUEZON,INFANTA,11.92
QUEZON,JOMALIG,45.5
QUEZON,LOPEZ,22.39
QUEZON,LUCBAN,3.77
QUEZON,LUCENA CITY,5.89
QUEZON,MACALELON,28.9
QUEZON,MAUBAN,18.09
QUEZON,MULANAY,34.28
QUEZON,PADRE BURGOS,20.9
QUEZON,PAGBILAO,10.06
QUEZON,PANUKULAN,39.45
QUEZON,PATNANUNGAN,45.17
QUEZON,PEREZ,33.64
QUEZON,PITOGO,25.37
QUEZON,PLARIDEL,14.14
QUEZON,POLILLO,24.54
QUEZON,QUEZON,26.16
QUEZON,REAL,23.39
QUEZON,SAMPALOC,11.37
QUEZON,SAN ANDRES,43.76
QUEZON,SAN ANTONIO,19.24
QUEZON,SAN FRANCISCO (AURORA),39.26
QUEZON,SAN NARCISO,35.25
QUEZON,SARIAYA,19.77
QUEZON,TAGKAWAYAN,23.82
QUEZON,TAYABAS CITY,8.75
QUEZON,TIAONG,8.59
QUEZON,UNISAN,20.88
RIZAL,ANGONO,4.31
RIZAL,ANTIPOLO CITY,5.77
RIZAL,BARAS,8.54
RIZAL,BINANGONAN,6.46
RIZAL,CAINTA,0.657
RIZAL,CARDONA,10.12
RIZAL,JALA-JALA,17.66
RIZAL,RODRIGUEZ (MONTALBAN),4.52
RIZAL,MORONG,4.93
RIZAL,PILILLA,7.98
RIZAL,SAN MATEO,5.38
RIZAL,TANAY,11.61
RIZAL,TAYTAY,3.51
RIZAL,TERESA,5.96
MARINDUQUE,BOAC,15.23
MARINDUQUE,BUENAVISTA,20.47
MARINDUQUE,GASAN,14.88
MARINDUQUE,MOGPOG,13.59
MARINDUQUE,SANTA CRUZ,15.62
MARINDUQUE,TORRIJOS,23.05
OCCIDENTAL MINDORO,ABRA DE ILOG,34.76
OCCIDENTAL MINDORO,CALINTAAN,29.83
OCCIDENTAL MINDORO,LOOC,23.1
OCCIDENTAL MINDORO,LUBANG,14.82
OCCIDENTAL MINDORO,MAGSAYSAY,41.37
OCCIDENTAL MINDORO,MAMBURAO,21.09
OCCIDENTAL MINDORO,PALUAN,40.6
OCCIDENTAL MINDORO,RIZAL,36.47
OCCIDENTAL MINDORO,SABLAYAN,28.61
OCCIDENTAL MINDORO,SAN JOSE,22.65
OCCIDENTAL MINDORO,SANTA CRUZ,28.39
ORIENTAL MINDORO,BACO,25.31
ORIENTAL MINDORO,BANSUD,26.61
ORIENTAL MINDORO,BONGABONG,24.95
ORIENTAL MINDORO,BULALACAO,40.97
ORIENTAL MINDORO,CALAPAN CITY,9.27
ORIENTAL MINDORO,GLORIA,16.92
ORIENTAL MINDORO,MANSALAY,31.82
ORIENTAL MINDORO,NAUJAN,19
ORIENTAL MINDORO,PINAMALAYAN,19.72
ORIENTAL MINDORO,POLA,18.33
ORIENTAL MINDORO,PUERTO GALERA,7.89
ORIENTAL MINDORO,ROXAS,19.16
ORIENTAL MINDORO,SAN TEODORO,22.37
ORIENTAL MINDORO,SOCORRO,17.21
ORIENTAL MINDORO,VICTORIA,17.4
PALAWAN,ABORLAN,21.56
PALAWAN,AGUTAYA,17.49
PALAWAN,ARACELI,21.23
PALAWAN,BALABAC,50.43
PALAWAN,BATARAZA,40.34
PALAWAN,BROOKE'S POINT,31.96
PALAWAN,BUSUANGA,22.6
PALAWAN,CAGAYANCILLO,31.59
PALAWAN,CORON,19.67
PALAWAN,CUYO,10.01
PALAWAN,DUMARAN,24.32
PALAWAN,EL NIDO,22.11
PALAWAN,LINAPACAN,37.74
PALAWAN,MAGSAYSAY,17.25
PALAWAN,NARRA,18.28
PALAWAN,PUERTO PRINCESA CITY,11.25
PALAWAN,QUEZON,39.1
PALAWAN,ROXAS,18.33
PALAWAN,SAN VICENTE,21.58
PALAWAN,TAYTAY,27.44
PALAWAN,CULION,24.94
PALAWAN,RIZAL,40.52
PALAWAN,SOFRONIO ESPAÑOLA,30.38
ROMBLON,ALCANTARA,30.25
ROMBLON,BANTON,25.02
ROMBLON,CAJIDIOCAN,36.47
ROMBLON,CALATRAVA,33.97
ROMBLON,CONCEPCION,22.61
ROMBLON,CORCUERA,34.02
ROMBLON,LOOC,24.72
ROMBLON,MAGDIWANG,35.29
ROMBLON,ODIONGAN,17.98
ROMBLON,ROMBLON,28.33
ROMBLON,SAN AGUSTIN,37.11
ROMBLON,SAN ANDRES,30.01
ROMBLON,SAN FERNANDO,37.74
ROMBLON,SAN JOSE,33.85
ROMBLON,SANTA FE,32.71
ROMBLON,FERROL,33.17
ROMBLON,SANTA MARIA,29.81
ALBAY,BACACAY,26.907103
ALBAY,CAMALIG,25.761294
ALBAY,DARAGA (LOCSIN),17.225828
ALBAY,GUINOBATAN,23.35565
ALBAY,JOVELLAR,37.874332
ALBAY,LEGAZPI CITY,17.977631
ALBAY,LIBON,35.983607
ALBAY,LIGAO CITY,27.807008
ALBAY,MALILIPOT,20.327714
ALBAY,MALINAO,27.537073
ALBAY,MANITO,34.324672
ALBAY,OAS,31.792662
ALBAY,PIO DURAN,37.403536
ALBAY,POLANGUI,24.369256
ALBAY,RAPU-RAPU,42.238814
ALBAY,SANTO DOMINGO,21.145726
ALBAY,TABACO CITY,22.381954
ALBAY,TIWI,27.866132
CAMARINES NORTE,BASUD,36.978222
CAMARINES NORTE,CAPALONGA,48.742616
CAMARINES NORTE,DAET,21.349921
CAMARINES NORTE,SAN LORENZO RUIZ,36.371103
CAMARINES NORTE,JOSE PANGANIBAN,34.397138
CAMARINES NORTE,LABO,39.437853
CAMARINES NORTE,MERCEDES,43.697222
CAMARINES NORTE,PARACALE,35.800391
CAMARINES NORTE,SAN VICENTE,32.962065
CAMARINES NORTE,SANTA ELENA,43.675102
CAMARINES NORTE,TALISAY,26.733367
CAMARINES NORTE,VINZONS,43.10073
CAMARINES SUR,BAAO,35.673039
CAMARINES SUR,BALATAN,51.679975
CAMARINES SUR,BATO,41.223402
CAMARINES SUR,BOMBON,31.958801
CAMARINES SUR,BUHI,39.844111
CAMARINES SUR,BULA,45.447308
CAMARINES SUR,CABUSAO,42.011961
CAMARINES SUR,CALABANGA,36.448062
CAMARINES SUR,CAMALIGAN,24.482272
CAMARINES SUR,CANAMAN,30.83125
CAMARINES SUR,CARAMOAN,51.342359
CAMARINES SUR,DEL GALLEGO,44.734101
CAMARINES SUR,GAINZA,38.802673
CAMARINES SUR,GARCHITORENA,59.742083
CAMARINES SUR,GOA,35.430344
CAMARINES SUR,IRIGA CITY,28.415165
CAMARINES SUR,LAGONOY,41.258864
CAMARINES SUR,LIBMANAN,41.297785
CAMARINES SUR,LUPI,44.391341
CAMARINES SUR,MAGARAO,32.87368
CAMARINES SUR,MILAOR,32.809471
CAMARINES SUR,MINALABAC,45.376505
CAMARINES SUR,NABUA,30.577801
CAMARINES SUR,NAGA CITY,19.294276
CAMARINES SUR,OCAMPO,35.043057
CAMARINES SUR,PAMPLONA,38.749421
CAMARINES SUR,PASACAO,41.616311
CAMARINES SUR,PILI,29.287133
CAMARINES SUR,PRESENTACION,52.790537
CAMARINES SUR,RAGAY,44.647748
CAMARINES SUR,SAGÑAY,44.208646
CAMARINES SUR,SAN FERNANDO,35.535626
CAMARINES SUR,SAN JOSE,32.688462
CAMARINES SUR,SIPOCOT,41.796256
CAMARINES SUR,SIRUMA,59.183376
CAMARINES SUR,TIGAON,34.27529
CAMARINES SUR,TINAMBAC,51.362224
CATANDUANES,BAGAMANOC,45.448933
CATANDUANES,BARAS,42.638293
CATANDUANES,BATO,34.110083
CATANDUANES,CARAMORAN,56.571213
CATANDUANES,GIGMOTO,48.242566
CATANDUANES,PANDAN,52.199054
CATANDUANES,PANGANIBAN,40.360317
CATANDUANES,SAN ANDRES,44.124514
CATANDUANES,SAN MIGUEL,44.478639
CATANDUANES,VIGA,46.824943
CATANDUANES,VIRAC,26.711493
MASBATE,AROROY,41.777139
MASBATE,BALENO,42.905272
MASBATE,BALUD,42.265099
MASBATE,BATUAN,36.96836
MASBATE,CATAINGAN,38.767057
MASBATE,CAWAYAN,51.798388
MASBATE,CLAVERIA,53.563297
MASBATE,DIMASALANG,43.983693
MASBATE,ESPERANZA,48.195953
MASBATE,MANDAON,41.387293
MASBATE,MASBATE CITY,30.044828
MASBATE,MILAGROS,44.617273
MASBATE,MOBO,45.188949
MASBATE,MONREAL,58.000038
MASBATE,PALANAS,44.731047
MASBATE,PIO V. CORPUZ,39.967109
MASBATE,PLACER,47.214835
MASBATE,SAN FERNANDO,35.947502
MASBATE,SAN JACINTO,33.977166
MASBATE,SAN PASCUAL,57.116662
MASBATE,USON,47.430445
SORSOGON,BARCELONA,37.70139
SORSOGON,BULAN,37.201672
SORSOGON,BULUSAN,37.03202
SORSOGON,CASIGURAN,40.235274
SORSOGON,CASTILLA,45.203763
SORSOGON,DONSOL,46.803453
SORSOGON,GUBAT,30.526725
SORSOGON,IROSIN,37.344832
SORSOGON,JUBAN,40.214114
SORSOGON,MAGALLANES,45.038641
SORSOGON,MATNOG,45.246013
SORSOGON,PILAR,47.499495
SORSOGON,PRIETO DIAZ,42.362674
SORSOGON,SANTA MAGDALENA,43.14987
SORSOGON,SORSOGON CITY,28.478517
AKLAN,ALTAVAS,19.52
AKLAN,BALETE,23.83
AKLAN,BANGA,18.13
AKLAN,BATAN,20.96
AKLAN,BURUANGA,24.41
AKLAN,IBAJAY,21.76
AKLAN,KALIBO,12.49
AKLAN,LEZO,17.98
AKLAN,LIBACAO,30.13
AKLAN,MADALAG,28.77
AKLAN,MAKATO,20.08
AKLAN,MALAY,17.27
AKLAN,MALINAO,22.17
AKLAN,NABAS,25.11
AKLAN,NEW WASHINGTON,17.39
AKLAN,NUMANCIA,12.6
AKLAN,TANGALAN,23.46
ANTIQUE,ANINI-Y,19.54
ANTIQUE,BARBAZA,20.66
ANTIQUE,BELIZON,13.33
ANTIQUE,BUGASONG,23.76
ANTIQUE,CALUYA,25.42
ANTIQUE,CULASI,23.02
ANTIQUE,TOBIAS FORNIER,22.24
ANTIQUE,HAMTIC,20.82
ANTIQUE,LAUA-AN,24.08
ANTIQUE,LIBERTAD,20.87
ANTIQUE,PANDAN,20.35
ANTIQUE,PATNONGON,22.29
ANTIQUE,SAN JOSE,12.67
ANTIQUE,SAN REMIGIO,35.26
ANTIQUE,SEBASTE,19.77
ANTIQUE,SIBALOM,20.06
ANTIQUE,TIBIAO,20.92
ANTIQUE,VALDERRAMA,32.2
CAPIZ,CUARTERO,19.35
CAPIZ,DAO,17.6
CAPIZ,DUMALAG,15.91
CAPIZ,DUMARAO,20.79
CAPIZ,IVISAN,18.72
CAPIZ,JAMINDAN,24.59
CAPIZ,MA-AYON,24.22
CAPIZ,MAMBUSAO,15.62
CAPIZ,PANAY,19.29
CAPIZ,PANITAN,17.94
CAPIZ,PILAR,23.01
CAPIZ,PONTEVEDRA,17.91
CAPIZ,PRESIDENT ROXAS,22.09
CAPIZ,ROXAS CITY,14.65
CAPIZ,SAPI-AN,21.1
CAPIZ,SIGMA,18.28
CAPIZ,TAPAZ,24.11
ILOILO,AJUY,25.66
ILOILO,ALIMODIAN,26.05
ILOILO,ANILAO,25.52
ILOILO,BADIANGAN,22.48
ILOILO,BALASAN,24.17
ILOILO,BANATE,22.65
ILOILO,BAROTAC NUEVO,21.11
ILOILO,BAROTAC VIEJO,24.21
ILOILO,BATAD,26.43
ILOILO,BINGAWAN,24.22
ILOILO,CABATUAN,18.97
ILOILO,CALINOG,28.3
ILOILO,CARLES,33.26
ILOILO,CONCEPCION,27.45
ILOILO,DINGLE,21.79
ILOILO,DUEÑAS,24.66
ILOILO,DUMANGAS,21.01
ILOILO,ESTANCIA,23.98
ILOILO,GUIMBAL,16.75
ILOILO,IGBARAS,25.39
ILOILO,ILOILO CITY,13.51
ILOILO,JANIUAY,25.71
ILOILO,LAMBUNAO,26.33
ILOILO,LEGANES,16.36
ILOILO,LEMERY,23.97
ILOILO,LEON,23.7
ILOILO,MAASIN,28.36
ILOILO,MIAGAO,20.65
ILOILO,MINA,22.05
ILOILO,NEW LUCENA,20.02
ILOILO,OTON,15.28
ILOILO,PASSI CITY,23.25
ILOILO,PAVIA,10.69
ILOILO,POTOTAN,21.24
ILOILO,SAN DIONISIO,28.16
ILOILO,SAN ENRIQUE,25.83
ILOILO,SAN JOAQUIN,26.68
ILOILO,SAN MIGUEL,18.92
ILOILO,SAN RAFAEL,23.79
ILOILO,SANTA BARBARA,17.28
ILOILO,SARA,23.15
ILOILO,TIGBAUAN,20.44
ILOILO,TUBUNGAN,26.86
ILOILO,ZARRAGA,17.4
NEGROS OCCIDENTAL,BACOLOD CITY,9.22
NEGROS OCCIDENTAL,BAGO CITY,19.28
NEGROS OCCIDENTAL,BINALBAGAN,21.65
NEGROS OCCIDENTAL,CADIZ CITY,22.54
NEGROS OCCIDENTAL,CALATRAVA,27.62
NEGROS OCCIDENTAL,CANDONI,25.49
NEGROS OCCIDENTAL,CAUAYAN,27.52
NEGROS OCCIDENTAL,ENRIQUE B. MAGALONA,19.9
NEGROS OCCIDENTAL,ESCALANTE CITY,23.83
NEGROS OCCIDENTAL,HIMAMAYLAN CITY,19.76
NEGROS OCCIDENTAL,HINIGARAN,16.58
NEGROS OCCIDENTAL,HINOBA-AN (ASIA),26.31
NEGROS OCCIDENTAL,ILOG,19.18
NEGROS OCCIDENTAL,ISABELA,26.84
NEGROS OCCIDENTAL,KABANKALAN CITY,25.79
NEGROS OCCIDENTAL,LA CARLOTA CITY,12.27
NEGROS OCCIDENTAL,LA CASTELLANA,26.11
NEGROS OCCIDENTAL,MANAPLA,21.86
NEGROS OCCIDENTAL,MOISES PADILLA (MAGALLON),31.21
NEGROS OCCIDENTAL,MURCIA,21.61
NEGROS OCCIDENTAL,PONTEVEDRA,16.59
NEGROS OCCIDENTAL,PULUPANDAN,12.64
NEGROS OCCIDENTAL,SAGAY CITY,22.45
NEGROS OCCIDENTAL,SAN CARLOS CITY,24.07
NEGROS OCCIDENTAL,SAN ENRIQUE,15.65
NEGROS OCCIDENTAL,SILAY CITY,15.98
NEGROS OCCIDENTAL,SIPALAY CITY,24.13
NEGROS OCCIDENTAL,TALISAY CITY,13.9
NEGROS OCCIDENTAL,TOBOSO,26.59
NEGROS OCCIDENTAL,VALLADOLID,12.63
NEGROS OCCIDENTAL,VICTORIAS CITY,17.37
NEGROS OCCIDENTAL,SALVADOR BENEDICTO,25.86
GUIMARAS,BUENAVISTA,18.36
GUIMARAS,JORDAN,19.34
GUIMARAS,NUEVA VALENCIA,26.42
GUIMARAS,SAN LORENZO,28.89
GUIMARAS,SIBUNAG,24.95
BOHOL,ALBURQUERQUE,16.3
BOHOL,ALICIA,35.37
BOHOL,ANDA,30.08
BOHOL,ANTEQUERA,18.43
BOHOL,BACLAYON,15.78
BOHOL,BALILIHAN,22.48
BOHOL,BATUAN,24.07
BOHOL,BILAR,23.81
BOHOL,BUENAVISTA,41.88
BOHOL,CALAPE,22.7
BOHOL,CANDIJAY,28.36
BOHOL,CARMEN,29.22
BOHOL,CATIGBIAN,29.2
BOHOL,CLARIN,22.91
BOHOL,CORELLA,13.98
BOHOL,CORTES,15.88
BOHOL,DAGOHOY,35.18
BOHOL,DANAO,35.08
BOHOL,DAUIS,14.43
BOHOL,DIMIAO,27.13
BOHOL,DUERO,29.6
BOHOL,GARCIA HERNANDEZ,26.34
BOHOL,GUINDULMAN,30.01
BOHOL,INABANGA,31.11
BOHOL,JAGNA,23.32
BOHOL,GETAFE,42.94
BOHOL,LILA,26.34
BOHOL,LOAY,19.8
BOHOL,LOBOC,16.96
BOHOL,LOON,21.4
BOHOL,MABINI,34.14
BOHOL,MARIBOJOC,14.6
BOHOL,PANGLAO,19.67
BOHOL,PILAR,38.19
BOHOL,PRES. CARLOS P. GARCIA,45.77
BOHOL,SAGBAYAN,23.9
BOHOL,SAN ISIDRO,30.88
BOHOL,SAN MIGUEL,31.57
BOHOL,SEVILLA,25.99
BOHOL,SIERRA BULLONES,31.64
BOHOL,SIKATUNA,19.36
BOHOL,TAGBILARAN CITY,8.69
BOHOL,TALIBON,34.62
BOHOL,TRINIDAD,32.09
BOHOL,TUBIGON,21.48
BOHOL,UBAY,34.39
BOHOL,VALENCIA,29.13
BOHOL,BIEN UNIDO,50.38
CEBU,ALCANTARA,33.55
CEBU,ALCOY,32.74
CEBU,ALEGRIA,40.51
CEBU,ALOGUINSAN,29.46
CEBU,ARGAO,25.25
CEBU,ASTURIAS,32.97
CEBU,BADIAN,36.84
CEBU,BALAMBAN,25.56
CEBU,BANTAYAN,31.26
CEBU,BARILI,30.43
CEBU,BOGO CITY,18.62
CEBU,BOLJOON,34.59
CEBU,BORBON,29.08
CEBU,CARCAR CITY,21.39
CEBU,CARMEN,21.07
CEBU,CATMON,25.97
CEBU,CEBU CITY,12.61
CEBU,COMPOSTELA,19.57
CEBU,CONSOLACION,13.41
CEBU,CORDOBA,19.68
CEBU,DAANBANTAYAN,25.4
CEBU,DALAGUETE,33.58
CEBU,DANAO CITY,21.32
CEBU,DUMANJUG,30.9
CEBU,GINATILAN,33.29
CEBU,LAPU-LAPU CITY,16.68
CEBU,LILOAN,14.66
CEBU,MADRIDEJOS,28.07
CEBU,MALABUYOC,44.29
CEBU,MANDAUE CITY,11.34
CEBU,MEDELLIN,26.55
CEBU,MINGLANILLA,13.46
CEBU,MOALBOAL,26.58
CEBU,NAGA CITY,21.12
CEBU,OSLOB,35.73
CEBU,PILAR,31.85
CEBU,PINAMUNGAHAN,28.54
CEBU,PORO,34.09
CEBU,RONDA,30.24
CEBU,SAMBOAN,35.9
CEBU,SAN FERNANDO,24.27
CEBU,SAN FRANCISCO,44.13
CEBU,SAN REMIGIO,23.64
CEBU,SANTA FE,33.33
CEBU,SANTANDER,30.8
CEBU,SIBONGA,27.59
CEBU,SOGOD,29.19
CEBU,TABOGON,28.02
CEBU,TABUELAN,29.36
CEBU,TALISAY CITY,14.07
CEBU,TOLEDO CITY,21.94
CEBU,TUBURAN,36.76
CEBU,TUDELA,33
NEGROS ORIENTAL,AMLAN,27.18
NEGROS ORIENTAL,AYUNGON,52.41
NEGROS ORIENTAL,BACONG,25.71
NEGROS ORIENTAL,BAIS CITY,39.73
NEGROS ORIENTAL,BASAY,53.31
NEGROS ORIENTAL,BAYAWAN CITY,49.76
NEGROS ORIENTAL,BINDOY,63.73
NEGROS ORIENTAL,CANLAON CITY,34.95
NEGROS ORIENTAL,DAUIN,34.71
NEGROS ORIENTAL,DUMAGUETE CITY,11.83
NEGROS ORIENTAL,GUIHULNGAN CITY,54.04
NEGROS ORIENTAL,JIMALALUD,62.48
NEGROS ORIENTAL,LA LIBERTAD,57.52
NEGROS ORIENTAL,MABINAY,52.67
NEGROS ORIENTAL,MANJUYOD,41.08
NEGROS ORIENTAL,PAMPLONA,40.33
NEGROS ORIENTAL,SAN JOSE,32.47
NEGROS ORIENTAL,SANTA CATALINA,45.59
NEGROS ORIENTAL,SIATON,52.92
NEGROS ORIENTAL,SIBULAN,21.62
NEGROS ORIENTAL,TANJAY CITY,31.42
NEGROS ORIENTAL,TAYASAN,52.82
NEGROS ORIENTAL,VALENCIA,25.24
NEGROS ORIENTAL,VALLEHERMOSO,51.44
NEGROS ORIENTAL,ZAMBOANGUITA,39.88
SIQUIJOR,ENRIQUE VILLANUEVA,23
SIQUIJOR,LARENA,17.14
SIQUIJOR,LAZI,35.77
SIQUIJOR,MARIA,37.66
SIQUIJOR,SAN JUAN,28.34
SIQUIJOR,SIQUIJOR,25.22
EASTERN SAMAR,ARTECHE,48.09
EASTERN SAMAR,BALANGIGA,39.65
EASTERN SAMAR,BALANGKAYAN,40.69
EASTERN SAMAR,BORONGAN CITY,32.25
EASTERN SAMAR,CAN-AVID,43.58
EASTERN SAMAR,DOLORES,47.28
EASTERN SAMAR,GENERAL MACARTHUR,48.42
EASTERN SAMAR,GIPORLOS,43.17
EASTERN SAMAR,GUIUAN,34.59
EASTERN SAMAR,HERNANI,43.38
EASTERN SAMAR,JIPAPAD,49.87
EASTERN SAMAR,LAWAAN,38.7
EASTERN SAMAR,LLORENTE,42.82
EASTERN SAMAR,MASLOG,68.25
EASTERN SAMAR,MAYDOLONG,39.94
EASTERN SAMAR,MERCEDES,35.66
EASTERN SAMAR,ORAS,45.57
EASTERN SAMAR,QUINAPONDAN,43.52
EASTERN SAMAR,SALCEDO,40.09
EASTERN SAMAR,SAN JULIAN,41.92
EASTERN SAMAR,SAN POLICARPO,48.57
EASTERN SAMAR,SULAT,38.94
EASTERN SAMAR,TAFT,41.89
LEYTE,ABUYOG,36.06
LEYTE,ALANGALANG,33.86
LEYTE,ALBUERA,33.94
LEYTE,BABATNGON,37.26
LEYTE,BARUGO,39.32
LEYTE,BATO,38.6
LEYTE,BAYBAY CITY,30.77
LEYTE,BURAUEN,35.92
LEYTE,CALUBIAN,40.48
LEYTE,CAPOOCAN,42.47
LEYTE,CARIGARA,31.2
LEYTE,DAGAMI,38.96
LEYTE,DULAG,31.46
LEYTE,HILONGOS,33.87
LEYTE,HINDANG,28.13
LEYTE,INOPACAN,35.36
LEYTE,ISABEL,23.44
LEYTE,JARO,41.47
LEYTE,JAVIER (BUGHO),36.86
LEYTE,JULITA,33.24
LEYTE,KANANGA,34.56
LEYTE,LA PAZ,39.29
LEYTE,LEYTE,47.09
LEYTE,MACARTHUR,36.34
LEYTE,MAHAPLAG,37.85
LEYTE,MATAG-OB,35.45
LEYTE,MATALOM,35.55
LEYTE,MAYORGA,33.61
LEYTE,MERIDA,31.5
LEYTE,ORMOC CITY,29.36
LEYTE,PALO,22.43
LEYTE,PALOMPON,28.8
LEYTE,PASTRANA,40.72
LEYTE,SAN ISIDRO,41.92
LEYTE,SAN MIGUEL,41.06
LEYTE,SANTA FE,33.59
LEYTE,TABANGO,42.61
LEYTE,TABONTABON,37.36
LEYTE,TACLOBAN CITY,21.45
LEYTE,TANAUAN,28.47
LEYTE,TOLOSA,28.24
LEYTE,TUNGA,27.98
LEYTE,VILLABA,33.94
NORTHERN SAMAR,ALLEN,33.39
NORTHERN SAMAR,BIRI,48.95
NORTHERN SAMAR,BOBON,41.71
NORTHERN SAMAR,CAPUL,51.15
NORTHERN SAMAR,CATARMAN,36.02
NORTHERN SAMAR,CATUBIG,49.34
NORTHERN SAMAR,GAMAY,44.25
NORTHERN SAMAR,LAOANG,45.96
NORTHERN SAMAR,LAPINIG,48.54
NORTHERN SAMAR,LAS NAVAS,62.31
NORTHERN SAMAR,LAVEZARES,44.3
NORTHERN SAMAR,MAPANAS,52.77
NORTHERN SAMAR,MONDRAGON,51.79
NORTHERN SAMAR,PALAPAG,48.17
NORTHERN SAMAR,PAMBUJAN,54.14
NORTHERN SAMAR,ROSARIO,45.18
NORTHERN SAMAR,SAN ANTONIO,43.19
NORTHERN SAMAR,SAN ISIDRO,37.98
NORTHERN SAMAR,SAN JOSE,40.03
NORTHERN SAMAR,SAN ROQUE,53.44
NORTHERN SAMAR,SAN VICENTE,53.16
NORTHERN SAMAR,SILVINO LOBOS,78.47
NORTHERN SAMAR,VICTORIA,42.31
NORTHERN SAMAR,LOPE DE VEGA,56.85
SAMAR (WESTERN),ALMAGRO,39.77
SAMAR (WESTERN),BASEY,36.59
SAMAR (WESTERN),CALBAYOG CITY,35.8
SAMAR (WESTERN),CALBIGA,37.43
SAMAR (WESTERN),CATBALOGAN CITY,27.03
SAMAR (WESTERN),DARAM,50.6
SAMAR (WESTERN),GANDARA,45.85
SAMAR (WESTERN),HINABANGAN,39.39
SAMAR (WESTERN),JIABONG,44.01
SAMAR (WESTERN),MARABUT,37.36
SAMAR (WESTERN),MATUGUINAO,60.26
SAMAR (WESTERN),MOTIONG,48.46
SAMAR (WESTERN),PINABACDAO,45.5
SAMAR (WESTERN),SAN JOSE DE BUAN,55.69
SAMAR (WESTERN),SAN SEBASTIAN,41
SAMAR (WESTERN),SANTA MARGARITA,36.35
SAMAR (WESTERN),SANTA RITA,44.95
SAMAR (WESTERN),SANTO NIÑO,46.04
SAMAR (WESTERN),TALALORA,47.12
SAMAR (WESTERN),TARANGNAN,43.38
SAMAR (WESTERN),VILLAREAL,44.67
SAMAR (WESTERN),PARANAS (WRIGHT),39.2
SAMAR (WESTERN),ZUMARRAGA,49.9
SAMAR (WESTERN),TAGAPUL-AN,50.89
SAMAR (WESTERN),SAN JORGE,45.47
SAMAR (WESTERN),PAGSANGHAN,37.34
SOUTHERN LEYTE,ANAHAWAN,36.61
SOUTHERN LEYTE,BONTOC,41.63
SOUTHERN LEYTE,HINUNANGAN,40.19
SOUTHERN LEYTE,HINUNDAYAN,37.08
SOUTHERN LEYTE,LIBAGON,42.24
SOUTHERN LEYTE,LILOAN,44.43
SOUTHERN LEYTE,MAASIN CITY,33
SOUTHERN LEYTE,MACROHON,37.29
SOUTHERN LEYTE,MALITBOG,46.17
SOUTHERN LEYTE,PADRE BURGOS,34.61
SOUTHERN LEYTE,PINTUYAN,41.33
SOUTHERN LEYTE,SAINT BERNARD,40.24
SOUTHERN LEYTE,SAN FRANCISCO,41.39
SOUTHERN LEYTE,SAN JUAN (CABALIAN),35.22
SOUTHERN LEYTE,SAN RICARDO,43.84
SOUTHERN LEYTE,SILAGO,41.67
SOUTHERN LEYTE,SOGOD,35.58
SOUTHERN LEYTE,TOMAS OPPUS,39.66
SOUTHERN LEYTE,LIMASAWA,38.29
BILIRAN,ALMERIA,22.23
BILIRAN,BILIRAN,27.7
BILIRAN,CABUCGAYAN,35.28
BILIRAN,CAIBIRAN,38.14
BILIRAN,CULABA,39.41
BILIRAN,KAWAYAN,35.45
BILIRAN,MARIPIPI,31.42
BILIRAN,NAVAL,27.69
ZAMBOANGA DEL NORTE,DAPITAN CITY,36.14
ZAMBOANGA DEL NORTE,DIPOLOG CITY,14.51
ZAMBOANGA DEL NORTE,KATIPUNAN,52.97
ZAMBOANGA DEL NORTE,LA LIBERTAD,48.98
ZAMBOANGA DEL NORTE,LABASON,43.71
ZAMBOANGA DEL NORTE,LILOY,38.23
ZAMBOANGA DEL NORTE,MANUKAN,53.41
ZAMBOANGA DEL NORTE,MUTIA,49.99
ZAMBOANGA DEL NORTE,PIÑAN,46.05
ZAMBOANGA DEL NORTE,POLANCO,40.54
ZAMBOANGA DEL NORTE,PRES. MANUEL A. ROXAS,57.85
ZAMBOANGA DEL NORTE,RIZAL,36.48
ZAMBOANGA DEL NORTE,SALUG,49.65
ZAMBOANGA DEL NORTE,SERGIO OSMEÑA SR.,67.87
ZAMBOANGA DEL NORTE,SIAYAN,68.38
ZAMBOANGA DEL NORTE,SIBUCO,67.05
ZAMBOANGA DEL NORTE,SIBUTAD,40.84
ZAMBOANGA DEL NORTE,SINDANGAN,48.35
ZAMBOANGA DEL NORTE,SIOCON,48.2
ZAMBOANGA DEL NORTE,SIRAWAI,54.37
ZAMBOANGA DEL NORTE,TAMPILISAN,50.2
ZAMBOANGA DEL NORTE,JOSE DALMAN (PONOT),58.73
ZAMBOANGA DEL NORTE,GUTALAC,61.4
ZAMBOANGA DEL NORTE,BALIGUIAN,55.31
ZAMBOANGA DEL NORTE,GODOD,68.23
ZAMBOANGA DEL NORTE,BACUNGAN (LEON T. POSTIGO),57.82
ZAMBOANGA DEL NORTE,KALAWIT,61.91
ZAMBOANGA DEL SUR,AURORA,34.64
ZAMBOANGA DEL SUR,BAYOG,47.76
ZAMBOANGA DEL SUR,DIMATALING,48.92
ZAMBOANGA DEL SUR,DINAS,46.91
ZAMBOANGA DEL SUR,DUMALINAO,43.06
ZAMBOANGA DEL SUR,DUMINGAG,48.3
ZAMBOANGA DEL SUR,KUMALARANG,45.97
ZAMBOANGA DEL SUR,LABANGAN,33.64
ZAMBOANGA DEL SUR,LAPUYAN,53.09
ZAMBOANGA DEL SUR,MAHAYAG,40.63
ZAMBOANGA DEL SUR,MARGOSATUBIG,31.13
ZAMBOANGA DEL SUR,MIDSALIP,55.13
ZAMBOANGA DEL SUR,MOLAVE,29.3
ZAMBOANGA DEL SUR,PAGADIAN CITY,20.46
ZAMBOANGA DEL SUR,RAMON MAGSAYSAY,37.38
ZAMBOANGA DEL SUR,SAN MIGUEL,42.98
ZAMBOANGA DEL SUR,SAN PABLO,52.88
ZAMBOANGA DEL SUR,TABINA,42.65
ZAMBOANGA DEL SUR,TAMBULIG,38.97
ZAMBOANGA DEL SUR,TUKURAN,38.8
ZAMBOANGA DEL SUR,ZAMBOANGA CITY,17.26
ZAMBOANGA DEL SUR,LAKEWOOD,50.99
ZAMBOANGA DEL SUR,JOSEFINA,41.17
ZAMBOANGA DEL SUR,PITOGO,43.6
ZAMBOANGA DEL SUR,SOMINOT,49.41
ZAMBOANGA DEL SUR,VINCENZO A. SAGUN,45.51
ZAMBOANGA DEL SUR,GUIPOS,42.49
ZAMBOANGA DEL SUR,TIGBAO,44.5
ZAMBOANGA SIBUGAY,ALICIA,51.29
ZAMBOANGA SIBUGAY,BUUG,38.9
ZAMBOANGA SIBUGAY,DIPLAHAN,36.45
ZAMBOANGA SIBUGAY,IMELDA,37.79
ZAMBOANGA SIBUGAY,IPIL,23.22
ZAMBOANGA SIBUGAY,KABASALAN,41.46
ZAMBOANGA SIBUGAY,MABUHAY,59.13
ZAMBOANGA SIBUGAY,MALANGAS,36.35
ZAMBOANGA SIBUGAY,NAGA,41.59
ZAMBOANGA SIBUGAY,OLUTANGA,49.37
ZAMBOANGA SIBUGAY,PAYAO,57.34
ZAMBOANGA SIBUGAY,ROSELLER LIM,45.45
ZAMBOANGA SIBUGAY,SIAY,46.19
ZAMBOANGA SIBUGAY,TALUSAN,55.95
ZAMBOANGA SIBUGAY,TITAY,45.91
ZAMBOANGA SIBUGAY,TUNGAWAN,52.21
BUKIDNON,BAUNGON,49.73
BUKIDNON,DAMULOG,61.46
BUKIDNON,DANGCAGAN,43.13
BUKIDNON,DON CARLOS,38.97
BUKIDNON,IMPASUG-ONG,57.98
BUKIDNON,KADINGILAN,57.52
BUKIDNON,KALILANGAN,52.14
BUKIDNON,KIBAWE,45.3
BUKIDNON,KITAOTAO,65.5
BUKIDNON,LANTAPAN,48.27
BUKIDNON,LIBONA,37.38
BUKIDNON,MALAYBALAY CITY,36.46
BUKIDNON,MALITBOG,65.7
BUKIDNON,MANOLO FORTICH,35.73
BUKIDNON,MARAMAG,36.46
BUKIDNON,PANGANTUCAN,49.1
BUKIDNON,QUEZON,55.28
BUKIDNON,SAN FERNANDO,59.03
BUKIDNON,SUMILAO,43.02
BUKIDNON,TALAKAG,64.61
BUKIDNON,VALENCIA CITY,31.37
BUKIDNON,CABANGLASAN,60.75
CAMIGUIN,CATARMAN,42.52
CAMIGUIN,GUINSILIBAN,61.04
CAMIGUIN,MAHINOG,36.95
CAMIGUIN,MAMBAJAO,30.26
CAMIGUIN,SAGAY,44.93
LANAO DEL NORTE,BACOLOD,34.22
LANAO DEL NORTE,BALOI,40.11
LANAO DEL NORTE,BAROY,40.43
LANAO DEL NORTE,ILIGAN CITY,17.25
LANAO DEL NORTE,KAPATAGAN,47.13
LANAO DEL NORTE,SULTAN NAGA DIMAPORO,54.1
LANAO DEL NORTE,KAUSWAGAN,37.46
LANAO DEL NORTE,KOLAMBUGAN,28.69
LANAO DEL NORTE,LALA,42.01
LANAO DEL NORTE,LINAMON,30.01
LANAO DEL NORTE,MAGSAYSAY,57.1
LANAO DEL NORTE,MAIGO,33.39
LANAO DEL NORTE,MATUNGAO,55.3
LANAO DEL NORTE,MUNAI,56.25
LANAO DEL NORTE,NUNUNGAN,69.06
LANAO DEL NORTE,PANTAO RAGAT,58.77
LANAO DEL NORTE,POONA PIAGAPO,62.8
LANAO DEL NORTE,SALVADOR,62.76
LANAO DEL NORTE,SAPAD,64.68
LANAO DEL NORTE,TAGOLOAN,60.01
LANAO DEL NORTE,TANGCAL,65.9
LANAO DEL NORTE,TUBOD,36.8
LANAO DEL NORTE,PANTAR,53.2
MISAMIS OCCIDENTAL,ALORAN,34.44
MISAMIS OCCIDENTAL,BALIANGAO,42.43
MISAMIS OCCIDENTAL,BONIFACIO,46.3
MISAMIS OCCIDENTAL,CALAMBA,26.18
MISAMIS OCCIDENTAL,CLARIN,29.95
MISAMIS OCCIDENTAL,CONCEPCION,70.24
MISAMIS OCCIDENTAL,JIMENEZ,23.63
MISAMIS OCCIDENTAL,LOPEZ JAENA,39.63
MISAMIS OCCIDENTAL,OROQUIETA CITY,20.92
MISAMIS OCCIDENTAL,OZAMIS CITY,17.79
MISAMIS OCCIDENTAL,PANAON,27.8
MISAMIS OCCIDENTAL,PLARIDEL,34.48
MISAMIS OCCIDENTAL,SAPANG DALAGA,41.41
MISAMIS OCCIDENTAL,SINACABAN,29.51
MISAMIS OCCIDENTAL,TANGUB CITY,35.47
MISAMIS OCCIDENTAL,TUDELA,34.49
MISAMIS OCCIDENTAL,DON VICTORIANO CHIONGBIAN,59.1
MISAMIS ORIENTAL,ALUBIJID,36.53
MISAMIS ORIENTAL,BALINGASAG,35.77
MISAMIS ORIENTAL,BALINGOAN,32.57
MISAMIS ORIENTAL,BINUANGAN,26.5
MISAMIS ORIENTAL,CAGAYAN DE ORO CITY,8.86
MISAMIS ORIENTAL,CLAVERIA,44.02
MISAMIS ORIENTAL,EL SALVADOR CITY,27.06
MISAMIS ORIENTAL,GINGOOG CITY,29.64
MISAMIS ORIENTAL,GITAGUM,41.58
MISAMIS ORIENTAL,INITAO,31.86
MISAMIS ORIENTAL,JASAAN,30.01
MISAMIS ORIENTAL,KINOGUITAN,26.44
MISAMIS ORIENTAL,LAGONGLONG,32.46
MISAMIS ORIENTAL,LAGUINDINGAN,36.44
MISAMIS ORIENTAL,LIBERTAD,46.48
MISAMIS ORIENTAL,LUGAIT,19.29
MISAMIS ORIENTAL,MAGSAYSAY,50.87
MISAMIS ORIENTAL,MANTICAO,30.08
MISAMIS ORIENTAL,MEDINA,18.62
MISAMIS ORIENTAL,NAAWAN,24.97
MISAMIS ORIENTAL,OPOL,20.66
MISAMIS ORIENTAL,SALAY,25.92
MISAMIS ORIENTAL,SUGBONGCOGON,36.62
MISAMIS ORIENTAL,TAGOLOAN,19.44
MISAMIS ORIENTAL,TALISAYAN,34.34
MISAMIS ORIENTAL,VILLANUEVA,22.08
DAVAO DEL NORTE,ASUNCION (SAUG),33.1
DAVAO DEL NORTE,CARMEN,30.62
DAVAO DEL NORTE,KAPALONG,31.19
DAVAO DEL NORTE,NEW CORELLA,40.06
DAVAO DEL NORTE,PANABO CITY,19.1
DAVAO DEL NORTE,ISLAND GARDEN CITY OF SAMAL,28.52
DAVAO DEL NORTE,SANTO TOMAS,23.26
DAVAO DEL NORTE,TAGUM CITY,13.57
DAVAO DEL NORTE,TALAINGOD,56.4
DAVAO DEL NORTE,BRAULIO E. DUJALI,29.64
DAVAO DEL NORTE,SAN ISIDRO,42.23
DAVAO DEL SUR,BANSALAN,19.82
DAVAO DEL SUR,DAVAO CITY,9.2
DAVAO DEL SUR,DIGOS CITY,14.18
DAVAO DEL SUR,HAGONOY,20.42
DAVAO DEL SUR,KIBLAWAN,29.21
DAVAO DEL SUR,MAGSAYSAY,27.59
DAVAO DEL SUR,MALALAG,17.25
DAVAO DEL SUR,MATANAO,25.14
DAVAO DEL SUR,PADADA,14.32
DAVAO DEL SUR,SANTA CRUZ,22.8
DAVAO DEL SUR,SULOP,21.42
DAVAO ORIENTAL,BAGANGA,33.67
DAVAO ORIENTAL,BANAYBANAY,28.72
DAVAO ORIENTAL,BOSTON,29.31
DAVAO ORIENTAL,CARAGA,35.97
DAVAO ORIENTAL,CATEEL,30.61
DAVAO ORIENTAL,GOVERNOR GENEROSO,34.42
DAVAO ORIENTAL,LUPON,24.72
DAVAO ORIENTAL,MANAY,35.21
DAVAO ORIENTAL,MATI CITY (CAPITAL),18.71
DAVAO ORIENTAL,SAN ISIDRO,34.32
DAVAO ORIENTAL,TARRAGONA,34.92
COMPOSTELA VALLEY,COMPOSTELA,27.61
COMPOSTELA VALLEY,LAAK (SAN VICENTE),41.13
COMPOSTELA VALLEY,MABINI (DOÑA ALICIA),29.5
COMPOSTELA VALLEY,MACO,23.27
COMPOSTELA VALLEY,MARAGUSAN (SAN MARIANO),27.56
COMPOSTELA VALLEY,MAWAB,24.92
COMPOSTELA VALLEY,MONKAYO,30.81
COMPOSTELA VALLEY,MONTEVISTA,33.38
COMPOSTELA VALLEY,NABUNTURAN,22.68
COMPOSTELA VALLEY,NEW BATAAN,31.26
COMPOSTELA VALLEY,PANTUKAN,26.21
DAVAO OCCIDENTAL,DON MARCELINO,59.6
DAVAO OCCIDENTAL,JOSE ABAD SANTOS (TRINIDAD),65.37
DAVAO OCCIDENTAL,MALITA,57.26
DAVAO OCCIDENTAL,SANTA MARIA,55.04
DAVAO OCCIDENTAL,SARANGANI,59.53
NORTH COTABATO,ALAMADA,44.05
NORTH COTABATO,CARMEN,52.33
NORTH COTABATO,KABACAN,36.87
NORTH COTABATO,KIDAPAWAN CITY,19.05
NORTH COTABATO,LIBUNGAN,37.14
NORTH COTABATO,MAGPET,42.23
NORTH COTABATO,MAKILALA,32.16
NORTH COTABATO,MATALAM,40.45
NORTH COTABATO,MIDSAYAP,39.22
NORTH COTABATO,M'LANG,31.62
NORTH COTABATO,PIGKAWAYAN,38.81
NORTH COTABATO,PIKIT,58.8
NORTH COTABATO,PRESIDENT ROXAS,41.57
NORTH COTABATO,TULUNAN,38.56
NORTH COTABATO,ANTIPAS,30.49
NORTH COTABATO,BANISILAN,47.88
NORTH COTABATO,ALEOSAN,50.86
NORTH COTABATO,ARAKAN,44.28
SOUTH COTABATO,BANGA,34.41
SOUTH COTABATO,GENERAL SANTOS CITY,23.48
SOUTH COTABATO,KORONODAL CITY,22.41
SOUTH COTABATO,NORALA,30.99
SOUTH COTABATO,POLOMOLOK,24.6
SOUTH COTABATO,SURALLAH,33.93
SOUTH COTABATO,TAMPAKAN,36.55
SOUTH COTABATO,TANTANGAN,35.77
SOUTH COTABATO,T'BOLI,58.97
SOUTH COTABATO,TUPI,39.21
SOUTH COTABATO,SANTO NIÑO,25.33
SOUTH COTABATO,LAKE SEBU,64
SULTAN KUDARAT,BAGUMBAYAN,40.19
SULTAN KUDARAT,COLUMBIO,50.27
SULTAN KUDARAT,ESPERANZA,33.37
SULTAN KUDARAT,ISULAN,25.75
SULTAN KUDARAT,KALAMANSIG,53.83
SULTAN KUDARAT,LEBAK,51.65
SULTAN KUDARAT,LUTAYAN,54.02
SULTAN KUDARAT,LAMBAYONG,42.98
SULTAN KUDARAT,PALIMBANG,64.3
SULTAN KUDARAT,PRESIDENT QUIRINO,30.11
SULTAN KUDARAT,TACURONG CITY,16.35
SULTAN KUDARAT,SEN. NINOY AQUINO,50.95
SARANGANI,ALABEL,44.67
SARANGANI,GLAN,52.61
SARANGANI,KIAMBA,48.01
SARANGANI,MAASIM,48.15
SARANGANI,MAITUM,47.66
SARANGANI,MALAPATAN,60.88
SARANGANI,MALUNGON,48.31
AGUSAN DEL NORTE,BUENAVISTA,31.84
AGUSAN DEL NORTE,BUTUAN CITY,26.58
AGUSAN DEL NORTE,CABADBARAN CITY,26.78
AGUSAN DEL NORTE,CARMEN,36.35
AGUSAN DEL NORTE,JABONGA,42.33
AGUSAN DEL NORTE,KITCHARAO,30.69
AGUSAN DEL NORTE,LAS NIEVES,46.23
AGUSAN DEL NORTE,MAGALLANES,30.81
AGUSAN DEL NORTE,NASIPIT,26.7
AGUSAN DEL NORTE,SANTIAGO,39.52
AGUSAN DEL NORTE,TUBAY,38.26
AGUSAN DEL NORTE,REMEDIOS T. ROMUALDEZ,33.99
AGUSAN DEL SUR,BAYUGAN CITY,38.1
AGUSAN DEL SUR,BUNAWAN,38.05
AGUSAN DEL SUR,ESPERANZA,50.52
AGUSAN DEL SUR,LA PAZ,58.44
AGUSAN DEL SUR,LORETO,49.01
AGUSAN DEL SUR,PROSPERIDAD,40.26
AGUSAN DEL SUR,ROSARIO,43.01
AGUSAN DEL SUR,SAN FRANCISCO,32.22
AGUSAN DEL SUR,SAN LUIS,49.55
AGUSAN DEL SUR,SANTA JOSEFA,40.47
AGUSAN DEL SUR,TALACOGON,42.61
AGUSAN DEL SUR,TRENTO,36.09
AGUSAN DEL SUR,VERUELA,47.23
AGUSAN DEL SUR,SIBAGAT,46.19
SURIGAO DEL NORTE,ALEGRIA,36.19
SURIGAO DEL NORTE,BACUAG,35.8
SURIGAO DEL NORTE,BURGOS,34.05
SURIGAO DEL NORTE,CLAVER,34.28
SURIGAO DEL NORTE,DAPA,39.92
SURIGAO DEL NORTE,DEL CARMEN,37.17
SURIGAO DEL NORTE,GENERAL LUNA,41.06
SURIGAO DEL NORTE,GIGAQUIT,40.52
SURIGAO DEL NORTE,MAINIT,39.12
SURIGAO DEL NORTE,MALIMONO,42.86
SURIGAO DEL NORTE,PILAR,36.8
SURIGAO DEL NORTE,PLACER,34.4
SURIGAO DEL NORTE,SAN BENITO,39.91
SURIGAO DEL NORTE,SAN FRANCISCO (ANAO-AON),35.71
SURIGAO DEL NORTE,SAN ISIDRO,36.62
SURIGAO DEL NORTE,SANTA MONICA (SAPAO),33.05
SURIGAO DEL NORTE,SISON,36.8
SURIGAO DEL NORTE,SOCORRO,38.52
SURIGAO DEL NORTE,SURIGAO CITY,29.36
SURIGAO DEL NORTE,TAGANA-AN,45.3
SURIGAO DEL NORTE,TUBOD,30.6
SURIGAO DEL SUR,BAROBO,43.76
SURIGAO DEL SUR,BAYABAS,41.1
SURIGAO DEL SUR,BISLIG CITY,32.4
SURIGAO DEL SUR,CAGWAIT,36.98
SURIGAO DEL SUR,CANTILAN,28.64
SURIGAO DEL SUR,CARMEN,34.15
SURIGAO DEL SUR,CARRASCAL,35.56
SURIGAO DEL SUR,CORTES,37.16
SURIGAO DEL SUR,HINATUAN,40.3
SURIGAO DEL SUR,LANUZA,37.34
SURIGAO DEL SUR,LIANGA,38.69
SURIGAO DEL SUR,LINGIG,45.28
SURIGAO DEL SUR,MADRID,30.52
SURIGAO DEL SUR,MARIHATAG,45.64
SURIGAO DEL SUR,SAN AGUSTIN,41.53
SURIGAO DEL SUR,SAN MIGUEL,45.51
SURIGAO DEL SUR,TAGBINA,41.72
SURIGAO DEL SUR,TAGO,38.98
SURIGAO DEL SUR,TANDAG CITY,29.62
DINAGAT ISLANDS,BASILISA (RIZAL),41.97
DINAGAT ISLANDS,CAGDIANAO,45.03
DINAGAT ISLANDS,DINAGAT,43.89
DINAGAT ISLANDS,LIBJO (ALBOR),43.56
DINAGAT ISLANDS,LORETO,36.63
DINAGAT ISLANDS,SAN JOSE,36.19
DINAGAT ISLANDS,TUBAJON,41.97
BASILAN,LAMITAN CITY,37.55
BASILAN,LANTAWAN,45.77
BASILAN,MALUSO,48.7
BASILAN,SUMISIP,51.2
BASILAN,TIPO-TIPO,54.63
BASILAN,TUBURAN,56
BASILAN,AKBAR,52.06
BASILAN,AL-BARKA,52.51
BASILAN,HADJI MOHAMMAD AJUL,56.06
BASILAN,UNGKAYA PUKAN,53.48
BASILAN,HADJI MUHTAMAD,57.2
BASILAN,TABUAN-LASA,62.15
LANAO DEL SUR,BACOLOD-KALAWI,61.36
LANAO DEL SUR,BALABAGAN,59.73
LANAO DEL SUR,BALINDONG (WATU),61.42
LANAO DEL SUR,BAYANG,66.48
LANAO DEL SUR,BINIDAYAN,65.3
LANAO DEL SUR,BUBONG,65.61
LANAO DEL SUR,BUTIG,65.05
LANAO DEL SUR,GANASSI,63.15
LANAO DEL SUR,KAPAI,73.6
LANAO DEL SUR,LUMBA-BAYABAO (MAGUING),65.14
LANAO DEL SUR,LUMBATAN,65.79
LANAO DEL SUR,MADALUM,64.45
LANAO DEL SUR,MADAMBA,70.03
LANAO DEL SUR,MALABANG,61.6
LANAO DEL SUR,MARANTAO,61.11
LANAO DEL SUR,MARAWI CITY,54.64
LANAO DEL SUR,MASIU,63.38
LANAO DEL SUR,MULONDO,65.86
LANAO DEL SUR,PAGAYAWAN (TATARIKAN),73.2
LANAO DEL SUR,PIAGAPO,68.07
LANAO DEL SUR,POONA BAYABAO (GATA),60.91
LANAO DEL SUR,PUALAS,64.5
LANAO DEL SUR,DITSAAN-RAMAIN,64.23
LANAO DEL SUR,SAGUIARAN,62.02
LANAO DEL SUR,TAMPARAN,68.52
LANAO DEL SUR,TARAKA,66.86
LANAO DEL SUR,TUBARAN,66.42
LANAO DEL SUR,TUGAYA,68.55
LANAO DEL SUR,WAO,45.4
LANAO DEL SUR,MAROGONG,72.53
LANAO DEL SUR,CALANOGAS,68.53
LANAO DEL SUR,BUADIPOSO-BUNTONG,61.44
LANAO DEL SUR,MAGUING,64.54
LANAO DEL SUR,PICONG (SULTAN GUMANDER),71.38
LANAO DEL SUR,LUMBAYANAGUE,65.41
LANAO DEL SUR,BUMBARAN,53.67
LANAO DEL SUR,TAGOLOAN II,78.23
LANAO DEL SUR,KAPATAGAN,62.59
LANAO DEL SUR,SULTAN DUMALONDONG,70.91
LANAO DEL SUR,LUMBACA-UNAYAN,68.71
MAGUINDANAO,AMPATUAN,51.17
MAGUINDANAO,BULDON,60.79
MAGUINDANAO,BULUAN,63.12
MAGUINDANAO,DATU PAGLAS,52.71
MAGUINDANAO,DATU PIANG,57.52
MAGUINDANAO,DATU ODIN SINSUAT (DINAIG),44.59
MAGUINDANAO,SHARIFF AGUAK (MAGANOY),60.21
MAGUINDANAO,MATANOG,55.88
MAGUINDANAO,PAGALUNGAN,53.04
MAGUINDANAO,PARANG,44.92
MAGUINDANAO,SULTAN KUDARAT (NULING),52.26
MAGUINDANAO,SULTAN SA BARONGIS (LAMBAYONG),56.43
MAGUINDANAO,KABUNTALAN (TUMBAO),62.49
MAGUINDANAO,UPI,43.67
MAGUINDANAO,TALAYAN,60.04
MAGUINDANAO,SOUTH UPI,48.47
MAGUINDANAO,BARIRA,60.08
MAGUINDANAO,GEN. S. K. PENDATUN,58.55
MAGUINDANAO,MAMASAPANO,59.82
MAGUINDANAO,TALITAY,58.15
MAGUINDANAO,PAGAGAWAN,59.4
MAGUINDANAO,PAGLAT,58.6
MAGUINDANAO,SULTAN MASTURA,52.03
MAGUINDANAO,GUINDULUNGAN,62.7
MAGUINDANAO,DATU SAUDI-AMPATUAN,59.83
MAGUINDANAO,DATU UNSAY,57.61
MAGUINDANAO,DATU ABDULLAH SANGKI,53.64
MAGUINDANAO,RAJAH BUAYAN,55.35
MAGUINDANAO,DATU BLAH T. SINSUAT,60.95
MAGUINDANAO,DATU ANGGAL MIDTIMBANG,58.75
MAGUINDANAO,MANGUDADATU,63.69
MAGUINDANAO,PANDAG,61.14
MAGUINDANAO,NORTHERN KABUNTALAN,56.42
MAGUINDANAO,DATU HOFFER AMPATUAN,61.68
MAGUINDANAO,DATU SALIBO,55.22
MAGUINDANAO,SHARIFF SAYDONA MUSTAPHA,51.98
SULU,INDANAN,50.15
SULU,JOLO,40.68
SULU,KALINGALAN CALUANG,49.23
SULU,LUUK,51.89
SULU,MAIMBUNG,51.15
SULU,HADJI PANGLIMA TAHIL (MARUNGGAS),50.05
SULU,OLD PANAMAO,59.74
SULU,PANGUTARAN,48.34
SULU,PARANG,54.96
SULU,PATA,59.35
SULU,PATIKUL,40.15
SULU,SIASI,46.09
SULU,TALIPAO,58.05
SULU,TAPUL,48.58
SULU,TONGKIL,51.26
SULU,PANGLIMA ESTINO (NEW PANAMAO),62.84
SULU,LUGUS,52.88
SULU,PANDAMI,49.19
SULU,OMAR,53.58
TAWI-TAWI,PANGLIMA SUGALA (BALIMBING),29.35
TAWI-TAWI,BONGAO,21.97
TAWI-TAWI,MAPUN (CAGAYAN DE TAWI-TAWI),27.63
TAWI-TAWI,SIMUNUL,21.81
TAWI-TAWI,SITANGKAI,28.85
TAWI-TAWI,SOUTH UBIAN,25.27
TAWI-TAWI,TANDUBAS,26.01
TAWI-TAWI,TURTLE ISLANDS,35.07
TAWI-TAWI,LANGUYAN,22.05
TAWI-TAWI,SAPA-SAPA,28.65
TAWI-TAWI,SIBUTU,26.26